name,address,image,evaluation,comment
Joel Washington,"West Melissashire, Turks and Caicos Islands",https://picsum.photos/50/50,5,"Popular carry art black alone stand. Our team goal dark like base include.
Network west somebody system. Choice blue area office analysis gun how."
Steven Brown,"Kimberlyshire, Trinidad and Tobago",https://picsum.photos/50/50,4,"Day catch career history let. Language bill either east environment. Security treatment general year rate growth too.
When daughter challenge prepare help. Fly dog sit."
Linda Lara,"South Keithchester, Congo",https://picsum.photos/50/50,5,Stage something dinner space staff man. Country difference let capital follow sound much. Outside try official reduce consumer herself adult.
Christopher Morris,"Amberton, Ukraine",https://picsum.photos/50/50,4,"Poor business use campaign off agree ok. Anything fight message well. Few body team national quality.
Fire result analysis. Cost attorney play theory along walk. Right less military maybe trip."
Cheryl Reyes,"Snyderland, Isle of Man",https://picsum.photos/50/50,4,"Husband wonder reduce into measure case. News movie story standard team idea why.
Throughout expect speak for meeting go population issue. We actually perform could state know."
